Title,Price,State,Shipping Fee,Country
Apple iPhone SE 2nd Gen 2020 64GB 128GB - Unlocked AT&T T-Mobile Verizon Sprint,$270.95 to $285.95,Pre-Owned,+$75.00 shipping,from United States
Apple iPhone XS - 64 GB - Gold (GSM Unlocked) A1920,$489.00,Brand New,+$95.00 shipping,from United States
Apple iPhone 12 - 64GB - Black (Unlocked),$363.00,Pre-Owned,Free International Shipping,from United States
Apple iPhone 7 32GB 128GB All Colours Unlocked Smartphone - Excellent Condition,$153.14 to $186.43,Pre-Owned,+$13.30 shipping,from United Kingdom
New ListingiPhone XR 64GB Black *BRAND NEW* ,$425.00,Brand New,+$21.00 shipping,from United States
New ListingApple iPhone 12 Pro - 512GB-Gold (without Simlock),$409.16,Pre-Owned,+$34.00 shipping,from Germany
New ListingApple iPhone 11 Pro Max - 256GB - Gold originally Verizon (Unlocked) Gently used,$400.00,Pre-Owned,+$40.15 shipping,from United States
Apple iPhone 12 Pro Max - 256GB - Pacific Blue (Unlocked),$800.00,New (Other),+$17.30 shipping,from United Kingdom
New ListingIphone 8 plus silver 64gb unlocked,$679.19,Pre-Owned,Free International Shipping,from Germany
New ListingApple iPhone 8 - Refurbished - Mint Condintion - 64GB - Gold (Unlocked) A1905,$679.19,Pre-Owned,+$53.27 shipping,from United Kingdom
at&t iphone 10 8 7 plus 11 12 pro max xs xr x  apple Factory Unlock Service att,$266.35,Brand New,Free International Shipping,from United States
New ListingApple iPhone 8 64GB Unlocked A1905 GSM - Space Gray,$9.95,Pre-Owned,+$35.00 shipping,from Canada
New ListingiPhone 7,$1.00,Pre-Owned,+$46.00 shipping,from United States
New ListingApple iPhone XR - 64gb-Black,$100.00,Pre-Owned,+$22.67 shipping,from Italy
New ListingApple iPhone SE 2nd Gen 2020 64GB 128GB Unlocked Smartphone Pristine Condition,$90.67,Pre-Owned,+$33.29 shipping,from United Kingdom
New ListingIphone 8 Plus 256GB Silver Excellent,$372.82,Pre-Owned,+$45.32 shipping,from Germany
New ListingApple iPhone 11 Pro Max - 256GB-Space Grey (without Simlock) A2218 (CDMA + GSM),$340.01,Pre-Owned,+$16.94 shipping,from Germany
New ListingApple iPhone 6S Plus - Refurbished - Mint Condition - 16GB -Space Grey(Unlocked),$566.64,Pre-Owned,+$53.27 shipping,from United Kingdom
"Apple iPhone XS Max - 64 GB  - Unlocked -Cracked Front/Back, Wonky LCD",$266.35,Parts Only,+$11.82 shipping,from Canada
New ListingApple iPhone 7 - Refurbished - Mint Condition - 32GB - Black (Unlocked) ,$235.32,Pre-Owned,+$53.27 shipping,from United Kingdom
New ListingApple iPhone 6S - 128GB - Rose Gold (Unlocked),$186.45,Pre-Owned,+$57.35 shipping,from United States
iPhone 8 Plus 64 gb Gold colour good condition Home Botton faulty,$50.00,Pre-Owned,+$13.30 shipping,from United Kingdom
IPhone 7 32 GB,$186.43,Pre-Owned,+$45.34 shipping,from Italy
Apple iphone 7/7 plus 32GB/128GB Black Gold Unlocked Verizon Tmobile Smartphone,"$1,360.08",Pre-Owned,Shipping not specified,from United States
IPhone x Refurbished 64 256gb Grade A + ab b C White Black regenerated Apple,$89.00 to $276.00,Refurbished,Shipping not specified,from Italy
New ListingApple iPhone XS - 256GB-Space Grey (without Simlock) A2097 (GSM),$368.34 to $413.68,Pre-Owned,+$28.34 shipping,from Germany
New ListingApple iPhone 11 Pro - Refurbished - 64GB - Space Grey - Excellent (Unlocked) ,$11.90,Pre-Owned,+$93.22 shipping,from United Kingdom
IPhone 8 Refurbished 64 256gb Grade A + ab b C Black White Apple Red Gold,$665.88,Refurbished,Shipping not specified,from Italy
New ListingApple iPhone 7 - 32GB-Gold (without Simlock) A1778 (GSM),$215.33 to $306.01,Pre-Owned,+$22.66 shipping,from Germany
Apple iPhone 12 - 64GB - Black (T-Mobile) A Stock,$1.13,Pre-Owned,+$25.50 shipping,from United States
Apple iPhone 11 Pro Unlocked 64GB 256GB 512GB Verizon AT&T T-Mobile | Very Good,$101.89,Very Good - Refurbished,Shipping not specified,from United States
New ListingApple iPhone 11 - 64GB - Black (Unlocked) A2221 (CDMA + GSM),$550.00,Pre-Owned,Shipping not specified,from United Kingdom
Apple iPhone X (iPhone 10) 64GB 256GB Silver Space Grey Unlocked Sim Smartphone,$564.98 to $669.98,Pre-Owned,Shipping not specified,from United Kingdom
New ListingIPhone 11,$479.43,Refurbished,Shipping not specified,from Italy
New ListingApple iPhone XR - 64GB - Black (T-Mobile) A1984 (CDMA + GSM),$266.34 to $446.12,Pre-Owned,Shipping not specified,from United States
New ListingApple iPhone 11 - 64GB - Black (T-Mobile) A2111 (CDMA + GSM),$610.90,Pre-Owned,Shipping not specified,from United States
New ListingApple iPhone 11 - 64GB - Purple (Unlocked),$149.00,Pre-Owned,Shipping not specified,from United Kingdom
Apple iPhone 12 Pro - 512gb-Graphite (Unlocked),$209.99,New (Other),+$11.33 shipping,from Italy
New & Sealed - Apple iPhone 12 MINI 64GB Black LTE - Straight Talk Wireless -,$350.00,Brand New,Shipping not specified,from United States
New ListingApple iPhone 8 (PRODUCT)RED - 64GB - (Unlocked) A1897 (GSM),$306.30,Pre-Owned,Shipping not specified,from United Kingdom
New ListingApple iPhone 8 Plus - 64GB - Space Gray (Unlocked) ,$466.11,Pre-Owned,Shipping not specified,from United States
New ListingApple iPhone xr 64gb - Faulty,$482.83,Pre-Owned,Shipping not specified,from United Kingdom
New Listingiphone 7 plus,$414.95,Pre-Owned,Shipping not specified,from United Kingdom
New ListingApple iPhone XR - 64GB - Black (Unlocked) A2105 (GSM) (AU Stock),$199.76,Pre-Owned,+$24.87 shipping,from Australia
IPhone XS Refurbished 64 256gb Grade A + ab b C White Black Gold Apple,$220.00,Refurbished,Shipping not specified,from Italy
New ListingApple iPhone 11 Pro - 256GB - Space Gray (unlocked) A2160,$199.76,Pre-Owned,Shipping not specified,from United States
iPhone XR - 64Gb - Black - Unlocked,$146.49,Pre-Owned,Shipping not specified,from United Kingdom
New ListingApple iPhone 11 Pro - 64GB - Silver,$235.80,Pre-Owned,Shipping not specified,from United Kingdom
New ListingIPhone 11 Pro Max 256gb NEW replaced,$481.68,Brand New,+$17.00 shipping,from Italy
Apple iPhone 11 Pro/Pro Max - 64GB/256GB Green/Silver Unlocked A2218 A Excellent,$375.00,Pre-Owned,Shipping not specified,from United Kingdom
New ListingApple iPhone XS - 64GB - Gold (Unlocked) A1920 (CDMA + GSM),$650.00,Pre-Owned,Shipping not specified,from United States
"New ListingApple iPhone XR 64gb Coral-Refurbished with Warranty-Grade ""as new""",$253.03,Refurbished,Shipping not specified,from Italy
New ListingApple iPhone 7 - 128GB - Jet Black (Unlocked) A1778 (GSM),$332.94,Pre-Owned,Shipping not specified,from United Kingdom
New ListingApple iPhone XS Max - 512GB - Space Gray (Unlocked) A1921 (CDMA + GSM),$612.04,Pre-Owned,Shipping not specified,from United States
New ListingApple iPhone 11 - 64GB - Purple (Unlocked) A2111 (CDMA + GSM),$619.25 to $785.72,Pre-Owned,Shipping not specified,from United States
New ListingApple iPhone X - 64GB - Space Grey (Unlocked),$160.00,Pre-Owned,Shipping not specified,from United Kingdom
New Listingat&t iphone 10 8 7 plus 11 12 pro max xs xr x  apple Factory Unlock Service Fast,$285.00,Brand New,Free International Shipping,from United States
Apple iPhone 11 - 64GB - Black (Unlocked) ,$374.02,Pre-Owned,Shipping not specified,from United Kingdom
New ListingiPhone XR 64gb,$119.86,Pre-Owned,Shipping not specified,from United Kingdom
New ListingApple iPhone SE 2nd Gen. (PRODUCT)RED - 256GB (Unlocked) ,$278.00,Pre-Owned,Shipping not specified,from United Kingdom
Apple iPhone 8  64/256 GB Smartphone (Unlocked)  >>Excellent Condition << ,$450.00,Excellent - Refurbished,Shipping not specified,from Canada
"Smartphone Apple iPhone 13 5g 256gb IOS 15 display problems 6.1"" NEW",$465.00,Brand New,Shipping not specified,from Italy
Apple iPhone 6 64GB Verizon Unlocked  Gold/Silver/Gray LTE Smartphone,$266.35,Pre-Owned,Shipping not specified,from United States
Apple iPhone 7 - 32GB - Black (FULLY Unlocked) A1660 (CDMA + GSM),$7.50,Pre-Owned,Shipping not specified,from United States
